Deployment.Name,Housing_Density,Percent Forest
Alamance_A_1,109.5755856,23.27622078
Alamance_A_2,815.4119929,78.52336407
Alamance_A_3,827.6213936,61.37514266
Alamance_A_4,685.2713762,24.33525338
Alamance_A_5,480.8560346,46.03446901
Alamance_A_6,569.0350758,45.12031041
Alamance_B_1,457.0723962,61.82533538
Alamance_C_1,402.6112837,69.47674652
Alamance_C_2,603.1630468,62.65234215
Allen_D_Lincoln1,34.41041215,81.78110917
AlligatorRiverNWR_Forest_5_Fall,1079.462392,49.50994621
AlligatorRiverNWR_Forest_6_Fall,329.5185413,48.21658502
Almond_L_Rowan1,349.5093063,49.50921074
Almond_L_Rowan3,601.4235703,61.0724403
Almond_L_Rowan4,562.8211019,41.46495562
Altman_J_Carteret1,392.0716811,49.7225806
Altman_J_Carteret2,639.3497737,22.10094115
Altman_J_Carteret6,334.1585407,82.40161203
Altman_J_Cartert4,605.9252926,16.34690923
Aman_C_Johnston1,490.8685955,38.10496363
Andrews_P_Franklin1,717.4554545,64.9720931
AngolaBayGL_Forest_1_Fall,337.7899377,23.75771888
AngolaBayGL_Forest_10_Fall,924.1767394,0
AngolaBayGL_Forest_11_Fall,283.682079,78.59654101
AngolaBayGL_Forest_12_Fall,611.2312996,71.10854959
AngolaBayGL_Forest_15_Fall,394.6397865,57.22443105
AngolaBayGL_Forest_19_Fall,281.1108577,25.24805014
AngolaBayGL_Forest_2_Fall,727.2601805,71.65316704
AngolaBayGL_Forest_3_Fall,335.9787782,24.83154211
AngolaBayGL_Forest_4_Fall,580.2012019,38.37927036
AngolaBayGL_Forest_7_Fall,535.2438539,50.74175558
AngolaBayGL_Forest_8_Fall,681.4954065,85.14575159
AngolaBayGL_Forest_9_Fall,153.8471314,68.19515898
ASU_ESA_2,685.5507058,46.20066153
Bagnell_S_Orange1,430.0507254,36.08611182
Bailey_B_Johnston1,784.3379872,28.91293023
Bailey_B_Johnston2,475.0135957,55.63515858
Bailey_B_Johnston3,524.2082984,39.87299393
Bailey_P_Ashe1,329.5550222,54.21241687
Baird_A_Watauga1,657.4476345,5.724503164
Baird_A_Watauga2,238.0470866,33.97212837
Baird_A_Watauga3,454.2573218,56.79100037
Ball_L_Davidson1,407.1674299,52.03154763
Ball_L_Davidson2,474.2382874,70.96580053
Barbour_P_Craven1,346.1200694,42.05746719
Barbour_P_Craven2,593.5365477,66.30460175
Barbour_P_Craven3,638.0951523,80.42071368
Barbour_P_Craven4,246.5723909,40.55943823
Barbour_P_Craven5,576.9061039,40.66426496
Barbour_P_Craven6,292.6654803,70.09041936
Barbour_P_Craven7,603.4615986,67.03803117
Barbour_P_Craven8,956.0707002,77.20141445
Barnes_K_Bladen1,444.8115051,71.58539862
Barnes_K_Bladen2,453.7942793,27.92698861
Barnes_K_Bladen3,686.0027548,48.21035629
Barnes_M_Pender_Fall_1,774.9770216,46.01869285
Barnes_M_Pender_Fall_10,413.3179117,42.47374773
Barnes_M_Pender_Fall_11,561.5069214,70.10406209
Barnes_M_Pender_Fall_12,840.5232066,52.24735891
Barnes_M_Pender_Fall_13,644.2625401,40.63663194
Barnes_M_Pender_Fall_2,695.3322058,72.21619359
Barnes_M_Pender_Fall_3,259.0622826,26.69687499
Barnes_M_Pender_Fall_4,354.522806,47.68375324
Barnes_M_Pender_Fall_5,725.3953242,0
Barnes_M_Pender_Fall_6,420.2305353,84.71502723
Barnes_M_Pender_Fall_7,649.6324177,49.56908477
Barnes_M_Pender_Fall_8,380.896798,64.18695205
Barnes_M_Pender_Fall_9,665.326874,59.52578736
Barnes_M_Pender1,409.0115296,37.66057826
Barnes_P_Orange1,748.8673718,11.2916004
Barnes_P_Orange2,253.6546693,22.88515652
Barnes_P_Orange3,981.8413048,70.09286049
Barnes_P_Orange4,237.9784084,35.04261321
Barnes_P_Orange5,304.8947175,31.01464466
Barnes_P_Orange6,484.8472034,58.14234668
Begnaud_T_Macon1,463.770698,53.03338296
Bell_D_Macon1,485.6315836,66.18381335
Bellemare_S_Elon1,162.868934,22.31879369
Bender_G_Randolph1,693.5434305,75.83205019
Bennett_B_Orange1,418.0951221,56.43193993
Bennett_B_Orange2,594.2408311,19.18826177
Benton_B_Duplin1,454.4588949,41.60800952
Benton_B_Duplin2,718.6554112,67.47487312
Benton_B_Duplin3,189.8285894,29.64745524
Benton_B_Duplin4,144.2918368,46.43248843
Benton_B_Duplin5,162.6920102,88.27909894
Benton_B_Duplin6,423.6870243,53.34011438
Benton_B_Duplin7,826.8345098,41.6092891
Benton_B_Duplin8,203.3434366,25.43149804
Benton_B_Duplin9,930.4376026,55.17165145
Bermudez_E_Catham1,826.6321431,67.45441351
BertieCountyGL_Forest_15,576.2052198,75.54771816
BertieCountyGL_Trail_70,317.6993025,65.87789592
BertieCountyGL_Trail_71,317.9453909,55.91636132
Bledsoe_M_Cherokee1,446.7432162,48.51739429
Bledsoe_M_Cherokee3,455.52868,77.56446391
BlueRidgeParkway_2B,640.580748,72.35125627
BlueRidgeParkway_4A,380.634367,53.36853566
BlueRidgeParkway_4B,499.6124923,54.69569831
Bradley_T_Edgecombe1,398.4790156,10.99645317
Brainard_T_Chatham1,395.8818868,33.55820085
Brainard_T_Chatham2,378.4020277,65.81776488
Brann_K_Caswell1,417.2004741,30.7911943
Brewer_Moss_T_Pender_Fall_1,486.6198737,47.15222458
Brewer_Moss_T_Pender_Fall_2,559.8025415,42.16504146
Brewer_Moss_T_Pender_Fall_3,455.8667719,58.87120107
Brewer_Moss_T_Pender_Fall_5,768.9508745,59.75554294
Brewer_Moss_T_Pender_Fall_6,802.5735434,50.64534949
Brooks_F_Alleghany1,372.0668353,46.77615775
Brown_J_Dare1,726.4782625,65.26338742
Brown_J_Dare10,633.8042235,15.98512773
Brown_J_Dare12,442.650673,48.55344229
Brown_J_Dare2,708.383523,33.25362169
Brown_J_Dare3,244.3841918,7.709757347
Brown_J_Dare4,462.5129536,61.16036217
Brown_J_Dare5,274.6088229,48.54529384
Brown_J_Dare6,214.0375799,63.58981286
Brown_J_Dare7,242.8054192,8.012302855
Brown_J_Dare8,386.4873796,34.54926784
Brown_J_Dare9,650.7934389,67.006531
Brown_M_Stokes1,761.5710353,53.04642513
Brown_M_Stokes2,269.4382419,45.25219233
Brown_M_Stokes3,607.87183,44.88110322
Brown_M_Stokes4,393.4568064,33.42233315
Brown_M_Surry1,426.0244851,17.63710894
Brown_M_Surry2,603.2737977,36.66562471
Brown_M_Surry4,757.4820773,48.83982708
Brown_M_Surry5,180.9281203,27.57320713
Brown_M_Surry6,492.9477332,39.02866707
Brown_M_Surry7,458.2389312,81.70639099
Brown_M_Surry8,548.5193715,59.54018226
Brown_N_Moore2,415.0665556,63.17537799
Brown_N_Moore3,547.835118,42.2898414
Buckingham_M_Guilford2,507.9318753,56.78416468
BuffaloCoveGL_Open_5,669.0933919,33.0238053
Burns_H_Pender_Fall_1,658.1107218,20.2716947
Burns_H_Pender_Fall_2,684.7042376,71.78873952
Burns_H_Pender_Fall_3,223.613518,76.24787826
Burns_H_Pender_Fall_4,388.9539923,54.67878168
Burns_H_Pender_Fall_5,810.1075812,57.70992444
Burns_H_Pender_Fall_6,474.1199055,16.88776899
Burns_H_Pender_Fall_7,288.2213358,47.74904612
Burns_H_Pender_Fall_8,503.7666718,44.41682505
Burns_J_Pender1,284.8917885,45.90313864
Burns_J_Pender2,688.0467386,44.171595
Burns_J_Pender3,1183.46985,55.14094654
Burns_J_Pender4,525.0025562,82.16598628
Burns_J_Pender5,722.3851612,31.91108107
Burns_J_Pender6,406.0566357,77.1854469
Burns_J_Pender7,415.1080069,41.9417987
Burns_J_Pender8,844.7985569,39.01694281
Burns_J_Pender9,549.6321468,72.10524352
Burress_G_Orange1,779.5903807,52.47681251
Burress_G_Orange2,545.0165415,67.99301245
Bush_C_Chatham1,91.94505695,30.68089951
Buynitzky_F_Wake1,662.6505962,53.84934372
Cahoon_D_Pamlico1,494.1935506,75.30383995
Cairnes_D_Haywood1,599.5559392,86.18821877
Calhoun_C_Rutherford1,1022.512734,52.85434578
Calhoun_C_Rutherford2,837.409731,25.88268563
Calhoun_C_Rutherford3,537.4382147,46.80161621
Calhoun_C_Rutherford4,555.3328522,35.34561843
Cameron_A_Henderson1,557.8367318,41.91859223
Cameron_A_Henderson10,301.8455315,48.82764616
Cameron_A_Henderson12,474.0382646,64.74532747
Cameron_A_Henderson13,678.2019028,83.87029177
Cameron_A_Henderson15,210.3184947,22.94495361
Cameron_A_Henderson16,576.2358114,17.39862931
Cameron_A_Henderson17,238.4496479,24.00334184
Cameron_A_Henderson19,406.4893481,58.39111406
Cameron_A_Henderson2,507.4666861,20.59050724
Cameron_A_Henderson20,636.595776,64.94153323
Cameron_A_Henderson21,471.6229754,69.38722072
Cameron_A_Henderson22,614.3562807,29.09886032
Cameron_A_Henderson23,463.3290071,56.87801643
Cameron_A_Henderson24,692.6241039,87.93678182
Cameron_A_Henderson3,433.0780814,45.76268982
Cameron_A_Henderson4,593.37514,40.83552199
Cameron_A_Henderson5,488.0502039,52.36945264
Cameron_A_Henderson6,248.974452,45.07259411
Cameron_A_Henderson7,203.6076886,37.89227766
Cameron_A_Henderson8,496.3890756,73.52203619
Cameron_A_Henderson9,415.2814547,74.20680192
Cameron_A_Transylvania10,383.0851276,77.19079394
Cameron_A_Transylvania11,649.1369279,46.70964825
Cameron_A_Transylvania13,182.9458401,94.85333873
Cameron_A_Transylvania15,460.1807294,35.22011659
Cameron_A_Transylvania16,306.2567317,47.63099874
Cameron_A_Transylvania17,654.0272968,49.45915799
Cameron_A_Transylvania18,622.7160382,21.41718659
Cameron_A_Transylvania19,456.3077432,74.07603682
Cameron_A_Transylvania4,424.6458311,30.18698202
Cameron_A_Transylvania5,674.8499469,72.52378217
Cameron_A_Transylvania7,520.46275,67.19242832
Campbell_D_Caswell1,196.1053156,37.07173612
Campbell_D_Caswell2,576.5398998,41.49921628
Campbell_K_Union1,568.9135652,49.61574398
Card_W_Craven2,640.3994496,28.52056612
Card_W_Craven3,1003.78425,61.573258
Carmichael_S_Ashe1,737.0074918,69.15624111
Carmichael_S_Ashe2,381.8719324,51.31007942
Carmichael_S_Ashe5,442.0124076,76.86008288
Carson_J_Orange1,538.1382797,64.1478728
Carson_J_Orange2,339.8548214,50.17404433
Carter_G_Guilford2,234.4377498,24.53424177
CarteretCoGL_Forest_2,270.9737521,52.6218364
Cater_G_Guilford1,302.9624526,90.73344425
Caton_M_Onslow1,489.5629572,60.36416074
Caton_M_Onslow2,532.1271585,71.02737863
Caton_M_Onslow3,446.8525658,11.07777423
Caton_M_Onslow4,705.9610499,57.00261762
Caveny_J_Avery1,528.1906583,41.85639379
Caveny_J_Avery2,679.9094664,57.90413437
Caveny_J_Avery3,166.0952477,42.46050804
Caveny_J_Avery4,711.3424945,40.31055567
Caveny_J_Avery5,716.597116,66.36627332
Caveny_J_Avery6,554.2758316,79.29074998
Caveny_J_Avery7,697.7693869,26.03881195
CedarRock_Forest_5_Fall,499.4790453,17.90809565
CedarRock_Open_12_Fall,449.1476388,69.4563581
CedarRock_Open_13_Fall,391.8015549,60.90255638
CedarRock_Open_15_Fall,696.7426212,19.75636004
CedarRock_Open_16_Fall,879.2814429,75.1440564
ChowanSwampGL_Open_65,262.5234397,56.54284517
ChowanSwampGL_Open_90,628.1074521,7.983662317
ChowanSwampGL_Open_92,577.8713023,55.63500663
Clark _K_Currituck 19,758.5527912,24.9138901
Clark_A_Anson1,344.0186147,86.26964758
Clark_K_Currituck 12,0,62.30270852
Clark_K_Currituck1,307.9989145,45.14872113
Clark_K_Currituck11,301.6845075,55.34655165
Clark_K_Currituck13,977.9296356,74.52585559
Clark_K_Currituck14,424.5676783,29.68134025
Clark_K_Currituck15,466.9681902,66.62084788
Clark_K_Currituck16,312.1193397,78.23101123
Clark_K_Currituck17,563.6500301,25.76825058
Clark_K_Currituck18,449.8690003,75.27354716
Clark_K_Currituck2,730.0713678,22.44203305
Clark_K_Currituck21,526.886012,33.14457993
Clark_K_Currituck22,454.4654359,39.62756486
Clark_K_Currituck3,556.6680423,76.61138621
Clark_K_Currituck4,386.6923062,38.32367006
Clark_K_Currituck5,145.6540233,53.70601713
Clark_K_Currituck6,282.0947778,53.57768944
Clark_K_Currituck7,483.5758694,60.51361665
Clark_K_Currituck8,510.1032384,77.75249269
Clark_K_Currituck9,668.5590055,40.35723831
Clark_K_Currituck9_REAL,288.5545885,35.66010097
Clement_R_Cherokee1,142.8701613,63.12715517
Colhoun_E_NewHanover1,871.1490938,57.17213357
Colhoun_E_NewHanover10,515.5203242,75.42462739
Colhoun_E_NewHanover11,315.3193556,12.60073107
Colhoun_E_NewHanover12,454.6894305,23.34981724
Colhoun_E_NewHanover13,851.860517,63.27895664
Colhoun_E_NewHanover14,206.8723031,68.24744267
Colhoun_E_NewHanover15,500.6843072,83.57184046
Colhoun_E_NewHanover16,460.8177503,55.63662696
Colhoun_E_NewHanover17,403.3635888,19.71796754
Colhoun_E_NewHanover18,513.9983587,40.8457056
Colhoun_E_NewHanover19,728.3672858,76.69947504
Colhoun_E_NewHanover2,585.7967132,64.12581598
Colhoun_E_NewHanover20,477.44931,31.18359986
Colhoun_E_NewHanover21,741.7511701,35.4187889
Colhoun_E_NewHanover22,657.4974761,72.97847279
Colhoun_E_NewHanover24,615.5964,36.99596644
Colhoun_E_NewHanover25,308.5170913,11.92621158
Colhoun_E_NewHanover26,623.5193786,18.83428233
Colhoun_E_NewHanover27,612.5719057,45.17513996
Colhoun_E_NewHanover28,310.3791178,38.48127584
Colhoun_E_NewHanover29,434.660244,41.31673948
Colhoun_E_NewHanover3,468.0742161,44.05281529
Colhoun_E_NewHanover31,238.559017,46.07271771
Colhoun_E_NewHanover32,688.8467649,43.47878305
Colhoun_E_NewHanover33,564.2307689,53.65078217
Colhoun_E_NewHanover34,504.6923901,47.25292708
Colhoun_E_NewHanover35,397.7326416,61.03681384
Colhoun_E_NewHanover36,729.9360425,60.51886561
Colhoun_E_NewHanover37,0,53.53779396
Colhoun_E_NewHanover38,767.9696304,68.94164931
Colhoun_E_NewHanover39,653.6130468,69.02472548
Colhoun_E_NewHanover4,489.7016491,75.8933003
Colhoun_E_NewHanover5,575.5453956,53.29390752
Colhoun_E_NewHanover6,566.3557509,42.82645739
Colhoun_E_NewHanover7,706.0761759,38.94968101
Colhoun_E_NewHanover8,555.550332,46.62316076
Colhoun_E_NewHanover9,453.3051703,74.4593592
Collins_P_Iredell1,217.2830564,31.67521279
Cook_B_Brunswick1,372.3400953,29.62435852
Cook_B_Guilford1,315.0840502,38.6585727
Cook_B_Guilford2,732.9742156,53.24947567
Cook_B_Randolph1,209.7000893,41.99834545
Cook_B_Randolph2,670.3274479,42.71166657
Cook_B_Randolph3,520.2859206,28.74423464
Cook_D_Durham1,458.4786765,17.54178685
Cook_D_Durham2,148.5432518,12.27496546
Cook_D_Durham3,254.1106266,56.86447162
Cook_D_Durham4,676.0018797,44.3255149
Cook_D_Durham5,734.0879754,40.47616645
Cook_D_Durham6,797.5518064,73.0073868
Cook_D_Durham7,189.4880603,60.87908204
Cook_D_Durham8,438.3809131,30.4019642
Cook_D_Orange1,497.0391837,41.79132164
Cooke_A_Chatham1,396.389297,29.83270595
Cooke_A_Chatham2,744.387715,27.75641949
Cooke_A_Chatham3,606.517787,53.05900683
Cooke_D_Pender1,502.942416,45.80971242
Cooke_D_Pender2,659.3224721,36.14181325
Craig_J_Granville1,539.0733482,47.05700543
Craven_A_5,501.8724246,39.8369327
Craven_A_6,675.9314621,57.56981157
Craven_A_7,337.6203307,24.25397265
Craven_A_8,237.7177541,64.19732052
Craven_A_9,656.7859333,34.79189849
Craven_B_1,214.0564377,34.54750732
Craven_B_2,356.2155233,53.04544066
Craven_B_3,160.7224618,51.14089763
Craven_B_4,464.3672608,61.75622255
Craven_B_5,785.3625353,52.82451258
Craven_B_6,631.6542061,23.08232393
Crews_A_Orange1,616.0690776,22.45767539
Crews_A_Orange2,517.906414,26.02766025
Crews_A_Orange3,399.5523617,46.98501402
Crews_A_Orange4,368.6551012,48.76669988
Croatan_Hult1,566.3815369,76.16979173
CroatanNF_Forest_10,791.8059415,68.58845415
CroatanNF_Forest_12_Fall,560.3194387,66.53988676
CroatanNF_Forest_128,402.1666765,56.36987906
CroatanNF_Forest_13_Fall,652.0145178,63.77068541
CroatanNF_Forest_136,555.779836,37.06581896
CroatanNF_Forest_14_Fall,350.2618637,40.81402598
CroatanNF_Forest_15_Fall,218.2624626,59.01708977
CroatanNF_Forest_16_Fall,397.1114746,58.88301342
CroatanNF_Forest_2,684.1646434,50.458803
CroatanNF_Forest_23_Fall,477.904146,30.37522225
CroatanNF_Forest_279,581.6178232,35.4659509
CroatanNF_Forest_28_Fall,730.3190845,29.88342181
CroatanNF_Forest_281,554.7277328,60.50142723
CroatanNF_Forest_290,734.9859252,25.88118772
CroatanNF_Forest_294,376.3322623,57.17068634
CroatanNF_Forest_4,518.022728,29.00881758
CroatanNF_Forest_41,284.7332526,49.02181159
CroatanNF_Forest_43,570.5680078,56.62062991
CroatanNF_Forest_9_Fall,703.1339826,23.05742961
CroatanNF_Trail_15,432.7427435,58.36782568
CroatanNF_Trail_19,584.3457816,63.82188866
CrowdersMtnSP_Forest_12_Fall,474.9999626,75.50532147
CrowdersMtnSP_Forest_13_Fall,776.725503,45.4468701
CrowdersMtnSP_Forest_26,393.9457093,31.27407216
CrowdersMtnSP_Forest_3_Fall,583.4845137,57.44071225
CrowdersMtnSP_Forest_4_Fall,592.2120281,47.53834744
CrowdersMtnSP_Forest_7_Fall,398.6140915,66.28653805
Cuchiara_M_Chatham1,666.9237157,43.30273605
Dale_R_Caswell1,640.5304166,65.61389855
Dalton_W_Lincoln1,779.1647275,83.42041923
Daniel_A_Onslow1,625.5095336,50.38234344
Daniel_A_Onslow2,687.3332262,55.11619896
Daniel_A_Onslow3,403.6268803,51.16742404
Daniel_A_Onslow4,739.4930414,63.57313671
Daniel_A_Onslow5,392.4044481,43.56218689
Daulton_J_Rutherford1,880.232642,45.77762922
Davis_A_Madison1,459.5997895,57.37338413
Davis_D_Orange1,583.7007593,38.36839261
Davis_J_Montgomery1,272.1210722,48.2345529
Davis_J_Montgomery2,793.3320093,53.62516184
DeBussey_C_Wake1_new,213.7555981,32.46774366
DeppePark_Hult1,855.5793783,23.90023486
DeppePark_Hult2,636.7587737,63.16264613
DeppePark_Hult3,545.054576,87.1858399
Derick_J_Wilkes1,281.1243098,56.59220752
Derick_J_Wilkes2,342.8092527,44.21559694
Derick_J_Wilkes3,629.0512884,22.30414598
Desmarais_G_Harnett1,600.6991329,49.3105178
Dewey_K_Wake1,627.9076114,86.92883623
Dewey_K_Wake2,320.8588103,77.39117719
Diersen_K_Haywood1,754.8642835,33.16084751
Diersen_K_Haywood2,523.0449991,20.52409192
Dillard_B_Pamlico1,732.1523196,92.26968165
DismalSwampSP_Open_1,708.3020328,76.42924921
DismalSwampSP_Open_2,704.8074208,61.61547863
DismalSwampSP_Open_3,304.5379966,40.10612697
Douthitt_M_Dare1,469.0411464,41.61769891
Drum_D_Cleveland1,621.9035374,33.51720349
Drum_D_Cleveland2,346.4279682,28.28456502
Drum_D_Cleveland3,302.0013909,39.62478021
Drum_D_Cleveland4,516.0574844,49.39563194
Drum_D_Cleveland5,578.8246324,59.91561067
Drum_D_Cleveland6,705.2615967,53.88009272
Drum_D_Cleveland7,544.8180288,61.34250021
Drum_D_Gaston1,602.4960695,83.56382682
Durland_S_Alamance_Fall_1,526.5574268,74.17422807
Durland_S_Alamance_Fall_2,656.5791523,50.52513525
Earls_K_Catawba1,743.0002366,74.4128983
Earls_K_Catawba2,476.4320185,75.39131689
Earp_C_Nash1,491.5867785,44.0043678
Earp_C_Nash2,642.9792081,52.31571023
Earp_C_Nash3,972.8678132,49.32227282
Earp_C_Nash4,406.3810247,77.37392049
Earp_C_Nash5,515.6378707,28.04874158
Earp_C_Nash6,299.8603545,21.75258478
ElkKnobSP_Forest_47,695.3842452,94.67154437
ElkKnobSP_Forest_48,781.1114045,34.23779148
ElkKnobSP_Open_11,288.209398,58.57359771
ElkKnobSP_Open_20,636.7857602,41.88504423
ElkKnobSP_Open_21,301.999909,26.08579555
ElkKnobSP_Trail_11,610.3727757,25.71203795
ElkKnobSP_Trail_9,765.5577806,84.64206384
Elliott_M_Beaufort1,792.1786598,33.27675216
EmbroGL_Open_5,329.1609088,26.08798331
EmbroGL_Trail_11,667.0972936,63.57157192
EmbroGL_Trail_12,644.7098734,27.79086118
EmbroGL_Trail_14,587.5807018,46.86397352
EmbroGL_Trail_9,101.5812048,77.865662
EnoRiverSP_Open_11,495.8230324,58.20585496
Eure_R_Halifax1,281.9014622,40.59325549
Evans_S_Hoke1,875.8625678,24.12425127
Evans_S_Hoke2,520.3422861,26.50545646
Evans_S_Hoke3,376.4446052,47.07935659
Faircloth_Forest_1_Fall,684.6713907,16.05608096
Faircloth_Forest_7_Fall,704.3966174,37.18168009
FallsLake_Forest_11,469.3068719,33.76988571
FallsLake_Forest_13,684.8700606,57.69357574
FallsLake_Forest_14,564.8525245,16.66548621
Farmer_F_Harnett1,872.1198287,67.39652331
Farzanegan_M_Granville1,681.8523898,34.11816667
Farzanegan_M_Granville2,463.8635572,42.78438222
Fichter_N_Cleveland1,839.240079,38.44226888
ForsythCountyOpenSpace_Forest_3,45.48679031,32.99019945
ForsythCountyOpenSpace_Forest_4,172.4794908,62.80360464
ForsythCountyOpenSpace_Open_10,224.8217272,26.76271632
ForsythCountyOpenSpace_Open_9,508.9902552,68.38626995
FortFisherSP_Forest_1,115.6744198,43.27513931
FortRaleighNHS_Forest_11_Fall,635.6965153,81.3413758
FortRaleighNHS_Forest_13_Fall,247.37997,35.13224607
FortRaleighNHS_Forest_14_Fall,967.9240292,84.28686075
FortRaleighNHS_Forest_7,606.4171742,16.02748852
Gabellieri_R_Orange1,931.3819368,59.39856462
Gabellieri_R_Orange2_Real,312.9696451,63.80115957
Gabellieri_R_Orange3,692.7334377,92.89895457
Gallaher_K_Harnett1,480.1412507,51.01233176
Galloway_J_Montgomery1,693.7417415,75.10423022
Galloway_J_Montgomery2,264.6233212,68.9719667
Garr_A_2,634.3823682,10.3400575
Garr_A_5,750.5978103,52.30143037
Gianopulos_K_Johnston1,536.4362485,44.15690263
Goodwin_G_Pender1,417.458654,97.07013262
Grant_K_Buncombe1,521.5360375,59.71435689
Grant_T_Stokes1,251.1549932,47.12615782
Grant_T_Stokes2,210.4819506,5.550045769
Grant_T_Stokes3,433.7545621,79.59811556
Gravis_L_Mecklenburg1,624.8616062,71.00882655
Gravis_L_Mecklenburg2,555.7827888,45.42569179
Gravis_L_Mecklenburg3,499.2877549,66.32670254
GreatBend_Forest_1_Fall,690.3678603,58.45938016
GreatBend_Forest_2_Fall,654.7020889,50.97771483
GreenRiverGL_Forest_106,273.4569424,50.30711839
GreenRiverGL_Open_14,684.3831661,51.57865175
GreenRiverGL_Open_16,867.3483058,49.722575
GreenRiverGL_Open_17,830.2118481,64.78089053
GreenRiverGL_Open_23,623.0492732,24.88346872
GreenSwampGL_Forest_11,356.1958132,69.71939013
GreenSwampGL_Forest_2,868.7330874,67.39610384
Griesser_K_Hoke1,346.1930999,53.26732686
Griffin_R_Caswell1,51.6410974,59.60641987
Griffin_R_Person1,432.5737976,71.43338345
GuilfordCourthouseNMP_Forest_3,105.1801542,58.51282898
GuilfordCourthouseNMP_Forest_4,330.9768937,39.83740941
GuilfordCourthouseNMP_Forest_7,326.9554179,58.28093857
GuilfordCourthouseNMP_Forest_9,612.9582695,44.37371372
GuilfordCourthouseNMP_Open_1,725.7945714,62.51696431
Hahn_E_Wake1,902.1396219,65.94318447
Haithcox_D_Iredell1,673.7558832,58.50159008
Haithcox_D_Iredell2,73.59801754,24.18762297
Haithcox_D_Iredell3,637.0824727,40.20958799
Haithcox_D_Iredell6,410.1116947,79.74677328
Hall_E_Orange1,13.64079088,28.03194127
Hall_E_Orange2,172.4601282,50.33468903
Hall_E_Orange3,352.8210875,62.56030673
Hall_E_Orange4,312.505203,60.57396412
Hamilton_R_Onslow1,298.6171725,40.28162235
Hamlet_A_Nash1,745.9928612,67.80951182
Hamlett_P_Rockingham1,606.3053807,33.76747114
Hamson_D_Henderson1,397.9755227,34.15545884
Hamson_D_Henderson1_real,657.7702402,97.88029252
Hamson_D_Henderson2,374.2407151,36.52244222
Hamson_D_Henderson3,400.383206,21.59225537
Hamson_D_Henderson5,953.0784067,50.95613979
Hand_A_Watauga1,472.1393903,63.26832471
HangingRockSP_Forest_173,611.0391369,33.15987784
HangingRockSP_Open_13,914.0979266,21.69869812
HangingRockSP_Trail_30,318.0839404,55.10302283
HangingRockSP_Trail_33,626.1459876,50.39045807
HangingRockSP_Trail_34,850.2250622,38.99884522
HangingRockSP_Trail_35,114.2183889,26.77217291
HangingRockSP_Trail_38_REAL,675.8195864,80.38640818
Hanna_M_Rowan2,309.4548593,83.41918422
Harmon_L_Gaston1,411.2383637,42.40449601
Harmon_L_Lincoln1,341.7250188,45.78800139
Harris_G_Chatham1,561.9001481,37.17389113
Harris_G_Wake1,352.250595,37.93367276
Harrison_D_Greene1,483.8803462,32.46808484
Harrison_D_Greene2,570.1201118,76.54695268
Harrison_D_Greene3,453.2967635,47.10256642
Harrison_D_Greene4,234.7685412,53.83057998
Harrison_D_Greene5,472.7147473,76.09216994
Harrison_T_Brunswick1,394.290934,81.21733891
Harrison_T_Brunswick2,594.4365694,38.31844597
Harrison_T_Brunswick3,276.1834181,28.40398635
Harrison_T_Brunswick4,482.1037605,51.71790438
HarrisTract_Forest_1_Fall,674.8303447,48.89118696
HarrisTract_Forest_2_Fall,413.442377,32.08041393
HarrisTract_Forest_3_Fall,293.0130197,68.97174095
HarrisTract_Forest_4_Fall_Real,383.7093495,89.18153838
HarrisTract_Open_5_Fall,472.314586,49.34839926
HawRiverSP_Forest_21,834.0938515,85.02776547
HawRiverSP_Forest_26,428.9291284,57.19990964
HawRiverSP_Trail_11,199.3721274,16.15924521
HawRiverSP_Trail_16,524.3108152,51.98264704
HawRiverSP_Trail_17,290.4003906,46.4621254
HawRiverSP_Trail_18,702.1112889,51.66138625
HawRiverSP_Trail_24,322.7700392,25.73067036
Hayes_L_Guilford1,590.8353175,9.68140471
Hayes_L_Guilford2,471.2619042,67.9755758
Hightower_J_Ashe1,198.8789335,32.11425872
Hightower_J_Ashe2,564.7106033,43.60840415
Hightower_J_Ashe3,553.1230287,43.32287082
Hightower_J_Ashe4,410.5400806,68.83332453
Hightower_J_Ashe5,211.4443451,64.12529205
Hightower_J_Ashe7,621.8871404,65.18891276
Hildebrand_N_Wake2,607.8178576,32.3330934
Hill_D_Union1,337.1590594,44.03351799
Hines_J_Craven_Fall_1,706.2517918,56.19935488
Hining_K_Ashe1,325.8333094,78.36609029
Hining_K_Ashe2,562.7901112,52.40803918
Hinson_D_Macon1,782.6357791,38.44356101
Hinson_D_Macon2,280.0572544,24.59253175
Hodge_J_Rutherford1REAL,490.6876271,82.84190424
Hodge_J_Rutherford2,404.8994298,73.2594808
Hodge_J_Rutherford3,546.9228514,2.706995636
HofmannFor_1_Real,248.0345349,51.9597801
HofmannFor_10_13Dec16,678.6381541,71.87742896
HofmannFor_10_13Nov16,588.9720128,42.17158192
HofmannFor_10_15Jan17,581.0595993,31.21296863
HofmannFor_10_2Apr17,277.0651024,39.97615086
HofmannFor_2,656.082339,47.0481651
HofmannFor_3_REAL,417.3976043,28.62635312
HofmannFor_4,539.2307068,49.90380807
HofmannFor_4_July2016,301.6758499,14.50204958
HofmannFor_5,77.92232825,31.24173174
HofmannFor_5_Oct2016,664.8932786,86.09962593
HofmannFor_7_13Dec16,543.6991342,65.04413387
HofmannFor_7_13Nov16,422.4466335,42.89837053
HofmannFor_7_15Jan17,566.8913462,27.58296677
HofmannFor_7_2Apr17,579.9803493,28.58950963
HofmannFor_9_13Dec16,560.4176676,38.31192669
HofmannFor_9_13Nov16,472.6735515,68.17245426
HofmannFor_9_15Jan17,646.8753226,42.49941509
HofmannFor_9_2Apr17,601.7865133,80.56412641
Holcombe_D_Granville1,777.8527012,51.18083668
Holland_A_Johnston1,470.384219,36.99562407
Holland_A_Johnston2,471.1844298,51.88305208
Holland_A_Johnston3,562.2229957,77.07885784
Holland_A_Johnston4,381.1933948,95.901626
HollyShelterGL_Forest_13_Fall,511.9239216,32.25418574
HollyShelterGL_Forest_16_Fall,58.27441935,89.82292483
HollyShelterGL_Forest_17_Fall,722.9583669,36.41334691
HollyShelterGL_Forest_18_Fall,822.9631268,41.99735644
HollyShelterGL_Forest_19_Fall,225.2810594,62.76695001
HollyShelterGL_Forest_20_Fall,448.429812,62.57478501
HollyShelterGL_Forest_21_Fall,714.9450182,77.2438444
HollyShelterGL_Forest_22_Fall,669.8681839,52.53890965
HollyShelterGL_Forest_23_Fall,595.0571304,95.6190185
HollyShelterGL_Forest_24_Fall,626.3483037,41.96012471
HollyShelterGL_Forest_25_Fall,590.0350726,47.28157805
HollyShelterGL_Forest_26_Fall,271.9845935,12.15422034
HollyShelterGL_Forest_27_Fall,435.5104885,42.12370759
HollyShelterGL_Forest_29_Fall,552.623258,40.6500825
HollyShelterGL_Forest_30_Fall,571.3919671,57.79213922
HollyShelterGL_Forest_35_Fall,506.4863327,36.85515355
HollyShelterGL_Forest_36_Fall,695.9243355,33.89037868
HollyShelterGL_Forest_8_Fall,367.1213664,49.86099493
HollyShelterGL_Forest_9_Fall,312.9175295,49.70566462
HollyShelterGL_Open_1_Fall,238.1977856,62.36874474
HollyShelterGL_Open_11_Fall,517.1882319,63.59416178
HollyShelterGL_Open_2_Fall,282.5494917,79.12168547
HollyShelterGL_Open_3_Fall,1141.128335,40.46698387
HollyShelterGL_Open_4_Fall,443.9609887,70.3810308
HollyShelterGL_Open_7_Fall,721.0033751,23.87106939
HollyShelterGL_Open_8_Fall,451.6104295,59.89374567
Hopf_B_Granville1,613.7882708,45.5111345
Hudacko_M_Harnett1,834.1400175,75.46150843
Hult_3Key1,433.2837183,50.783532
Hult_BearCove,724.4546203,41.6967552
Hult_DeppePark4,709.6632124,58.8659541
Hult_DeppePark5,749.0399306,50.18820531
Hult_DPTrailhead,483.1744583,29.7556983
Hult_J_DeppePark1_Dec2016,505.8004301,63.09690713
Hult_J_DeppePark2_Dec2016,154.1367414,15.90083055
Hult_J_DeppePark3_Dec2016,848.9685375,44.20366465
Hunter_C_Haywood1,405.4607292,28.1719007
Hunter_C_Haywood2,548.4938056,56.85689621
Hunter_J_Haywood2,299.9065279,13.45665211
Hunter_J_Haywood3,312.1438013,81.52154344
Hunter_J_Haywood4,347.8670243,59.0266297
Hunter_M_Madison1,593.4352751,53.24493156
Hunter_M_Madison2,452.7460411,66.1578036
Hunter_M_Madison3,618.4088054,44.98743353
Hurd _J_Cleveland1,535.7047568,52.73945245
Hyde_A_1,537.6524445,93.78178365
Hyde_A_10,547.8991779,34.16810817
Hyde_A_12,696.4881477,33.26774636
Hyde_A_2,422.9607669,32.20500339
Hyde_A_3,293.0703194,45.09477428
Hyde_A_4,539.4125649,63.98779075
Hyde_A_5,344.9652118,48.69437728
Hyde_A_6,27.07889565,72.23092867
Hyde_A_7,533.073605,54.66838367
Hyde_A_8,78.91419334,32.34635835
Hyde_B_1_Real,527.0152452,42.7101416
Hyde_B_2,772.0837675,80.83282734
Hyde_B_3,179.2392454,70.89865305
Hyde_B_5,267.9634558,43.96869265
Hyde_B_6,294.9081894,74.07824485
Hyde_B_6_Real,804.3215568,29.26584598
Hyde_B_7,885.7703509,49.43638631
Hyde_C_1,461.2466076,39.26442973
Hyde_C_10,420.8922345,21.97941186
Hyde_C_13,707.0107977,36.04158121
Hyde_C_14,724.2892602,45.85052773
Hyde_C_15,598.1246084,30.21163759
Hyde_C_16,322.3479299,15.58317921
Hyde_C_17,948.78977,25.26764612
Hyde_C_18,282.9853118,6.808357253
Hyde_C_19,488.779941,37.27570132
Hyde_C_2,362.2041044,38.55258686
Hyde_C_20,103.8384185,47.35234192
Hyde_C_21,308.3522292,48.96351959
Hyde_C_22,642.8516128,58.99349674
Hyde_C_23,256.4112194,38.95098648
Hyde_C_24,143.7451469,58.04625413
Hyde_C_3,782.0206955,70.19667268
Hyde_C_4,700.2041994,37.14069661
Hyde_C_5,610.4517231,59.79018672
Hyde_C_6,416.5458513,70.68583647
Hyde_C_7,500.3977422,49.74972732
Hyde_C_8,148.3250741,75.40192943
Hyde_C_9,680.9313265,69.93172611
Hyde_D_1,69.02133981,66.31188536
Hyde_D_2,580.0654241,54.68519831
Hyde_E_1,587.6680286,40.5785286
Hyde_E_2,748.8292756,61.4645303
Hyde_E_3,593.7825432,59.24957555
Hyde_E_4,565.3085865,32.36699864
Hyde_E_5,378.6984409,61.50410326
Hyde_E_6,226.7076817,32.50580872
Hyde_E_7_real,524.5397149,32.76642754
Hyde_E_8,236.2689492,35.33037719
Hyde_E_9_real,526.5400115,28.43726
Hyde_F_1,645.4887716,67.6259598
Hyde_F_2,398.2942945,61.94337038
Hyde_F_3,217.0006491,4.86860074
Hyde_G_1,301.3896263,74.25559753
Hyde_G_2,633.1195303,70.98381489
Hyde_G_4_real,346.7187549,49.64422123
Hyde_G_6,715.9764446,50.23878997
Hyde_H_1,335.745495,66.43687724
Hyde_H_2,69.48883646,50.1501507
Hyde_H_3,699.0428329,54.08317151
Hyde_H_4,640.135882,21.21512706
Hyde_H_6,355.7278145,51.29046013
Hyde_I_1_real,628.3138657,34.57478655
Hyde_J_1,336.0498569,47.22046639
Hyde_J_2,748.3405035,45.92911889
Hyde_J_3,519.932195,38.36843758
Hyde_J_4,599.8753363,54.6941045
Hyde_J_5,492.9351865,70.31855049
Hyde_K_1,502.0105452,38.43550504
Hyde_K_2_real,382.6447241,17.31190366
Hyde_K_3_real,440.1555811,14.66237397
Hyde_K_4,836.453747,27.7221786
Hyde_K_5,345.115411,48.57443128
Hyde_K_6,387.8017981,83.67305819
Hyde_L_1,715.9410265,88.47474843
Hyde_L_2,789.7320416,34.06851798
Hyder_W_Cleveland_Fall_1,634.756896,51.71419959
Ijames_S_Franklin1,712.0467162,48.6461033
Ijames_S_Franklin2,498.1378368,60.87457015
Ijames_S_Franklin3,98.9169314,84.60490297
Ijames_S_Franklin4,747.0208885,36.12861015
Ijames_S_Franklin5,502.5847618,52.69713265
Irwin_H_Buncombe1,460.1681565,24.14120959
Irwin_H_Haywood1,746.7558027,60.90437741
Irwin_H_Haywood2,588.8332166,34.37656779
Irwin_H_Haywood3,673.331593,45.31873726
Irwin_H_Haywood4,514.5262793,81.03164206
James_A_Cleveland1,546.0761295,60.48031198
James_P_Alamance_Fall_1,817.0211689,60.60278465
James_P_Alamance_Fall_2,489.3241539,71.79544843
James_P_Alamance_Fall_3,439.5639928,33.43009944
James_P_Alamance1,420.862194,78.00054417
James_P_Alamance2,781.5721267,40.37748265
James_P_Alamance3,277.2208508,54.09524655
James_P_Alamance4,600.646431,74.8619015
James_P_Alamance5,618.322193,84.07544035
James_P_Alamance6,431.9020586,3.240622529
JockeysRidgeSP_Open_1_Fall,228.9473386,45.71749983
JockeysRidgeSP_Open_2_Fall,626.5703629,84.60453741
Johnson_W_Harnett1,636.1868927,82.93501677
Johnson_W_Harnett2,442.6458542,82.35810694
Johnson_W_Harnett3,154.9794628,59.41057907
Johnson_W_Harnett4,716.0378627,50.59326677
Johnson_W_Harnett5,412.2732212,71.71571127
JohnsRiverGL_Forest_1,793.589004,38.83548906
JohnsRiverGL_Forest_2,362.9508515,46.04849226
JohnsRiverGL_Open_10,771.7907864,43.27961987
JohnsRiverGL_Open_11,214.9078208,39.13986384
JordanLakeSRA_Open_1,698.2834727,22.39628737
JordanLakeSRA_Open_2,611.1008719,43.00829372
JordanLakeSRA_Open_28,574.9182914,74.76058038
JordanLakeSRA_Open_3,815.6442269,18.63167119
JordanLakeSRA_Open_4,232.5299315,45.06947182
JordanLakeSRA_Open_8,301.0963045,46.61799295
JuniperCreekGL_Open_22,545.3261847,64.70776813
JuniperCreekGL_Trail_9,489.3218816,45.09786706
Kaye_G_Macon1,292.3840317,45.78274101
Kaye_G_Macon2,288.1779461,58.50615785
Kaye_G_Macon3,736.1216884,42.22183933
Kayser_S_Stokes1,463.6335786,29.06496546
Kayser_S_Stokes2,731.8915593,91.57574589
Keener_C_Wilkes1,624.1501573,32.57539055
Kelly_E_Buncombe2,580.3752631,44.90274047
Kerr_S_Mecklenburg1,497.1965312,45.35625184
King_S_Orange1,757.082441,40.25328758
Kingsley_M_Wake1,585.1649811,56.44700577
Kiricoples_C_Beaufort1,437.010996,38.11874262
Kiricoples_C_Beaufort2,730.764582,57.31708247
Kiricoples_C_Beaufort3,421.5724755,46.36875103
Kiricoples_C_Beaufort4,453.9986145,70.62228174
Kiser_J_Wake1,746.6445086,90.42776056
Kiser_J_Wake2,629.7680645,44.03698721
Kitchen_B_Watauga1,364.1370789,34.75076726
Kline_R_Wake2,339.6020034,76.68589087
Kowa_M_Orange1,475.4608421,24.18430782
Kowa_M_Orange2,325.0716433,41.61288982
Kramer_B_Cleveland1,273.7197135,41.66485394
Kulz_K_Wake1,541.625629,10.68185073
Lafferty_L_Alamance1,609.8737462,51.27277901
Lafferty_L_Guilford1,570.9435682,38.50205253
LakeJamesSP_Trail_26,83.84134253,77.52646892
LakeJamesSP_Trail_29,494.1967172,51.4237901
LakeJamesSP_Trail_30,471.2037883,11.12347155
LakeJamesSP_Trail_31,236.4058791,59.68072912
LakeJamesSP_Trail_33,562.6534206,53.05491098
LakeJamesSP_Trail_35,370.1521924,37.16804388
LaLiberte_R_Meckenburg1,507.3116895,33.42292836
LaLiberte_R_Randolph1,493.0662712,57.68643339
LaLiberte_R_Randolph2,566.9435423,38.25518573
Lamp_L_Stanly1,596.7292569,63.29961151
Lee_T_Johnston1,817.4851806,52.22747661
Leinbach_J_Orange1,451.5943205,78.30668728
Levandoski_M_Chatham1,275.4546779,68.95994884
Lindsey_D_Wake1,605.8713525,10.91876115
Lipscomb_M_Cleveland2,209.5729212,33.56850811
Long_C_Transylvania1,499.114068,58.42020482
Long_C_Transylvania2,457.7578122,41.85811612
Long_C_Transylvania3,905.9462428,17.28093737
Long_C_Transylvania4,531.5842096,95.42500266
Long_C_Transylvania6,405.7832578,53.12071309
Lonnman_J_Elon1,608.7246089,66.73148599
Love_J_Macon10,325.9667765,84.07931208
Love_J_Macon11,473.8116516,36.75623019
Love_J_Macon12,335.2159102,67.89744548
Love_J_Macon13,561.5376806,61.33789249
Love_J_Macon14,543.9395727,33.27179354
Love_J_Macon15,638.7643028,37.57396229
Love_J_Macon2,769.680939,70.77066301
Love_J_Macon3,704.8472984,67.34400931
Love_J_Macon4,682.7328424,52.17360421
Love_J_Macon6,423.9328572,16.71415347
Love_J_Macon7,410.2172765,61.000869
Love_J_Macon8,516.6731944,85.44957641
Love_J_Macon9,555.75348,4.892564602
Lowdermilk_E_Caswell1,213.1930925,30.80005998
Lyles_A_Mecklenburg1,524.3914888,27.3271961
Lyles_A_Mecklenburg2,642.8779203,26.80719777
Lyles_A_Mecklenburg3,654.5475696,72.26536651
Malatin_N_Caldwell1,498.4598391,44.20895408
Mallory_C_Union1_REAL,554.7501146,28.87011086
Marticorena_D_Durham1,493.6101617,45.62000377
Martin_D_Lincoln1,621.8024899,35.45410027
Martin_D_Mecklenburg1,224.705226,39.85301962
Martin_D_Mecklenburg2,513.312966,66.69632676
Martin_D_Mecklenburg3,598.351913,36.70235081
Martin_D_Mecklenburg4,527.6666624,34.93929922
Mason_C_Wake1,606.6618368,33.9873231
Mason_D_Orange1,175.6727129,46.57359501
Mayhew_J_Mecklenburg1,573.8256384,28.64289752
MayoRiverSP_Forest_36,320.0939573,39.1852648
MayoRiverSP_Forest_38,230.6888859,44.86966452
MayoRiverSP_Trail_5,562.8426249,65.79324144
McAdams_C_Chatham1,394.9158551,43.11669284
McAdams_C_Chatham2,322.2858692,41.04042485
McAdams_C_Chatham3,357.5159107,7.769385942
McAdams_C_Chatham5,755.1601137,46.05302248
McAdams_C_Chatham6,587.4139189,59.60980216
McAdams_C_Chatham7,807.3558588,59.75805725
McAllister_K_Durham1,644.8864071,23.35354041
McGrady_R_Wilkes1,71.131961,72.2900631
McGrady_R_Wilkes2,449.8797547,48.76159321
McGrady_R_Wilkes3,616.9939358,22.84471424
McGrady_R_Wilkes4,610.9783081,39.51223064
McGuire_G_Johnston1,498.4605905,47.81898197
McKeel_J_Durham1,483.5957396,16.55155971
McKeel_J_Durham3,495.8840596,41.0079744
McKeel_J_Durham4,269.8682493,41.44378024
McLaney_E_Mecklenburg1,402.8015399,58.23242219
McManus_J_Rockingham1,787.0738333,58.98717158
McNamara_D_Macon1,646.0529433,57.86887313
McNatt_P_Buncombe1,451.0244847,39.49853162
McNaughton_K_Chatham1,605.497598,17.31834572
McNaughton_K_Chatham2,174.0267607,64.96686572
McNaughton_K_Chatham3,499.8320001,43.71472209
Meadows_I_Swain1,625.5937849,70.88539747
Meadows_I_Swain2,312.0451673,100
Merchant'sMillpondSP_Forest_19,652.7508671,90.5150239
Merchant'sMillpondSP_Forest_3,710.4590629,27.68322274
Merchant'sMillpondSP_Forest_7,546.658321,70.03342167
Merchant'sMillpondSP_Open_1,350.4775085,40.15258959
Merchant'sMillpondSP_Trail_1,606.1736137,53.71561751
Metzner_S_Durham 1,448.0079741,45.62964216
Mickey_J_Surry1,477.3648462,19.76117066
Mickey_J_Surry2,484.79585,33.54361913
Mickey_RiverBendFarm1,459.7495617,95.48711196
Milciunas_J_Jackson1,753.2723738,61.66595872
Miller_B_Currituck1,291.0258006,85.78978192
Miller_D_Pitt1,439.591644,28.71133173
Miller_J_Durham1,651.6743686,48.44644388
Miller_J_Durham2,362.2025276,52.37087764
Miller_J_Wake1,413.4156388,63.36248403
Minor_S_Watauga1,563.192606,48.5586832
Minor_S_Watauga2,586.1702484,46.06985876
Minor_S_Watauga3,370.9587985,46.86045374
Minor_S_Watauga4,368.7418465,53.00175204
Mitchel_T_Pender_Fall_2,486.0800321,60.71388448
MitchellRiverGL_Forest_29,404.5032429,32.39058364
Moore_A_2,618.8082099,40.83489534
Moore_A_3,912.620526,34.92959235
Moore_A_4,486.815722,31.34781688
Morenus_C_Macon1,301.7988216,45.74683858
Morenus_C_Macon2,544.0552611,69.3601968
Morris_D_Orange1,889.3927909,74.10319362
Morris_D_Orange2,504.3171338,63.19013659
Morris_D_Orange3,795.197888,42.90630804
Morris_D_Orange4,270.5106045,32.46496876
Morris_D_Orange5,245.9752888,9.356837798
Morris_D_Orange6,674.3001756,44.94227553
Morris_J_Rowan1,466.7711335,39.75184318
Morris_J_Rowan2,601.4418162,54.60880536
Morris_J_Rowan3,238.942511,18.81768057
MorrowMtnSP_Trail_11,14.67138814,55.2611524
MorrowMtnSP_Trail_13,357.2565252,98.93237028
MorrowMtnSP_Trail_22,724.2169893,40.05075064
MtJeffersonSNA_Forest_13,610.037742,29.03437668
MtJeffersonSNA_Trail_14,687.9383679,68.68702378
Mulcahy_K_Lenoir1,123.9296908,13.64200476
Mulcahy_K_Lenoir2,409.1785918,76.0841738
Mullally_H_Haywood1,278.7802628,5.213790016
Mullally_H_Haywood2,680.6866323,45.24863334
Murrey_C_Henderson1,274.6742934,35.63617495
Murrey_C_Henderson2,368.2396735,41.39687008
Myles_B_Union1,495.8419557,24.74576055
Myles_B_Union2,817.0556789,44.62226298
Myles_B_Union3,231.321276,83.92263712
NantahalaNF_Forest_860,582.0122895,23.99339889
NantahalaNF_Forest_910,325.3133162,45.01606451
NantahalaNF_Forest_934,532.0287172,73.19332682
Nash_J_Hoke1,325.7987572,59.63940256
Nash_J_Hoke2,517.4278684,38.63913283
NCSUCentralCropsRS_Open_1,792.3369049,54.243356
NCSUCentralCropsRS_Open_13,345.7047821,12.55309239
NCSUCentralCropsRS_Open_4,606.3815273,33.35542016
NCSUCentralCropsRS_Open_6,152.4802252,85.46604973
NCSUUpperPiedmont_Open_6,558.7473057,46.79454809
NeedmoreGL_Forest_64,216.4099392,52.32023459
NeedmoreGL_Forest_65,279.6269468,75.93949576
NeedmoreGL_Open_13,519.5762247,8.628001447
NeedmoreGL_Open_14,375.0203464,38.47310931
NeedmoreGL_Open_6,430.0799785,42.80413183
Neulicht_L_Union1,681.8333916,69.85320213
Neulicht_L_Union2,725.795173,36.00294774
Neulicht_L_Union3,414.4963844,79.61833605
Neulicht_L_Union5,362.1974113,72.9850991
Neulicht_L_Union6,794.1148038,32.482306
NeuseRiverGL_Forest_1_Fall,433.587286,18.06728047
NeuseRiverGL_Forest_2_Fall,505.2025033,1.255134663
NeuseRiverGL_Forest_3_Fall,722.1965858,44.32318442
NeuseRiverGL_Open_3,459.06321,78.5912342
NewRiverSP_Forest_26,312.1517263,60.2639402
NewRiverSP_Forest_53,516.5444161,66.18910352
Nicholson_M_Durham1,853.4595577,81.22551805
NorthRiverGL_Open_1,309.2478402,10.89186109
NorthRiverGL_Open_12,489.9664713,34.95440113
NorthRiverGL_Trail_8,287.243762,23.12092992
NorthRiverGL_Trail_9,161.7208278,69.73514555
Oakley_K_Moore_Fall_1,594.3403208,50.19532371
Obenshain_K_Orange1,574.8969307,46.71076397
OConnell_S_Jackson1,650.6118689,3.855398177
Owen_W_Pasquotank1_REAL,589.0482325,58.06072536
Owen_W_Pasquotank2_REAL,319.9861561,24.24321047
Owen_W_Pasquotank3,292.8516689,26.05208913
Owen_W_Pasquotank4,704.925931,10.32858612
Owens_C_Union1,660.1612107,62.46719588
Page_S_Brunswick1,259.0332044,58.31068743
Page_S_Brunswick2,394.1092409,49.72018985
Palermo_J_Chatham1,541.6281616,39.35622395
Parham_D_Gaston1,461.4959984,39.57148315
Parham_D_Gaston2,377.3207411,40.88116392
Paris_R_Dare_Fall_1,578.9689988,18.79711287
Paris_R_Dare_Fall_2,749.1852256,47.62220061
Paris_R_Dare1,421.1715309,35.06705412
Parker_K_Wake1,266.9591726,42.61182184
Pate_B_Wake1,712.5388317,17.41411869
Patton_J_Watauga1,631.4583869,35.89379714
Pearson_S_Madison1,394.1254841,76.27117255
Pearson_S_Madison2,579.4877787,55.50752112
Pearson_S_Madison3,364.0407549,34.49760883
Pearson_S_Madison4,509.886934,69.95593008
Peckham_B_Wake1,567.6794458,62.54865584
PeeDeeNWR_Forest_12,365.1252875,66.6324868
PeeDeeNWR_Trail_1,468.0241936,64.45121177
PeeDeeNWR_Trail_11,317.3668109,46.50653227
PeeDeeNWR_Trail_13,561.4258917,55.67445643
PeeDeeRiverGL_Forest_10,332.0647499,45.17410711
Pena_K_Harnett1,430.2586994,39.92369623
Pender_A_1,732.2575609,52.05211779
Pender_A_2,303.7312119,27.53846118
Pender_A_3,0,43.3764449
Pender_A_4,629.1777815,57.67442175
Pender_A_5,217.8315886,16.96213175
Pender_A_6,621.1640787,48.12254567
Penny_A_Haywood1,452.7582788,93.89194304
Penny_A_Haywood2,464.3837907,17.94199912
Penny_A_Haywood3,514.9972526,45.07795801
Penny_A_Haywood4,690.1874993,42.41404741
Penny_A_Haywood5,387.7623874,83.59251068
Perzel_M_Ashe1,741.8928768,44.87629052
Pesavento_M_Orange1,317.5854293,92.90083584
PisgahGL_Forest_25,523.6287663,32.62848497
PisgahNF_Forest_720,269.627245,31.1884265
PisgahNF_Trail_36,391.9827325,34.80377204
Pittman_B_Johnston 1,768.3725457,60.8899505
PondMtnGL_Open_18,334.3421874,31.87981739
PondMtnGL_Open_8,654.0781272,42.69566683
Poole_T_Haywood1,439.1697908,64.82785128
Poole_T_Haywood2,587.973745,44.59041868
Pooni_J_Wilson1,437.7055677,50.81040974
Potts_B_Cherokee2,518.4990144,55.07546559
Potts_B_Cherokee3,485.2366052,55.99148319
Potts_B_Cherokee4,480.834558,44.41505826
Potts_B_Cherokee6,696.8147102,57.79806114
Potts_B_Cherokee8,600.8890138,59.83387563
Price_C_Carteret1,439.4345057,11.40153909
Price_C_Carteret2,784.5776153,30.64441625
Price_C_Carteret3,406.3870324,58.52448496
Price_C_Carteret4,443.8655158,31.3534182
Price_C_Carteret5,399.5079982,72.82673337
Price_C_Carteret6,343.8885802,0
Price_C_Carteret7,600.8465627,31.58871407
Price_C_Carteret8,446.2604392,45.106085
Price_C_New Hanover7,417.0419054,75.65739281
Price_C_NewHanover1,633.6183392,40.85064174
Price_C_NewHanover2,620.0803802,45.98687028
Price_C_NewHanover5,393.0041759,44.12991745
Price_C_NewHanover6,553.0477391,26.73731188
Price_C_NewHanover8,794.9120472,82.49369128
Prinz_M_Moore_Fall_1,303.2223189,46.38572542
Prinz_M_Moore_Fall_2,486.7837151,62.56995027
Prinz_M_Moore_Fall_3,245.3669877,23.1551347
Prinz_M_Moore_Fall_4,583.0032414,72.95123179
Prinz_M_Moore_Fall_5,384.6620928,11.65275407
Prinz_M_Moore_Fall_6,407.3503795,36.89675721
Pugh_H_Randolph1,475.0081163,80.32056438
Pugh_H_Randolph2,378.3587198,80.05769938
Pugh_H_Randolph3,624.0663711,53.41583537
Puryear_D_Wake1,495.5432124,5.844621721
Pyle_L_Buncombe1,645.3520492,66.84097804
Randall_M_NewHanover2,518.4134475,48.93949666
RavenRockSP_Forest_10,343.4809778,56.30669404
RavenRockSP_Forest_11,282.3065593,47.94383843
RavenRockSP_Forest_13,733.6476272,45.75423693
RavenRockSP_Forest_14,461.6227134,34.5340755
RavenRockSP_Forest_15,996.8816411,57.67183674
RavenRockSP_Forest_16,236.6617109,47.84431993
RavenRockSP_Forest_17,340.5604991,45.13068854
RavenRockSP_Forest_18,824.1911554,49.91451342
RavenRockSP_Forest_3,437.7193407,74.68372776
RavenRockSP_Forest_9,141.0836916,55.48017586
RavenRockSP_Open_2,543.390827,37.95023171
RavenRockSP_Trail_14,581.1633263,63.40022771
RavenRockSP_Trail_16,797.0199487,49.51212927
RavenRockSP_Trail_22,429.3475415,53.6960806
RavenRockSP_Trail_8,916.7801349,15.81381881
Reed_J_Pender_Fall_1,618.870319,15.88799285
Reed_J_Pender_Fall_2,704.548145,79.89417022
Reed_J_Pender_Fall_4,547.5630806,35.05830253
Reed_J_Pender_Fall_5,187.8985875,43.07153562
Reed_J_Pender1,433.7858337,16.87070535
Reed_J_Pender2,416.2038668,51.46534369
Reed_J_Pender3,211.2646758,42.07706854
Rhode_L_McDowell1,624.3615902,47.69442803
Rich_A_Hyde1,293.0385285,37.03188691
Rich_A_Hyde2,191.7413681,54.57155632
Richardson_B_Stokes1,617.8568734,54.83851224
Richardson_B_Stokes2,134.8795068,52.23038577
Richardson_B_Yadkin1,646.2101469,64.39269945
Robbins_B_Watauga1,936.7001028,34.65804273
Robbins_B_Watauga3,512.0613069,54.42758756
Rodgers_R_Harnett1,771.8611849,60.4640596
Rodgers_R_Harnett2,325.2482488,17.91323557
Rohde_L_McDowell2,727.77928,19.67956373
RowanGL_Forest_27,479.6886347,31.95408524
RowanGL_Forest_4,858.9948551,54.94077793
RowanGL_Open_33,51.30244664,66.43032372
Rudulph_J_Caswell1,306.4742926,78.84925722
Rudulph_J_Caswell2,519.282597,39.50322194
Rudulph_J_Caswell3,562.7146863,74.20025188
Rudulph_J_Caswell4,414.8639702,48.46897167
Rudulph_J_Durham1,557.3253656,59.84930389
RWBCaswellGL_Open_49,368.1972553,8.714367463
RWBCaswellGL_Open_50,300.5324011,64.52535554
RWBCaswellGL_Open_57,283.9465909,41.5712637
RWBCaswellGL_Trail_36,738.4263735,50.34503618
Sanchez_A_Iredell1,541.913345,55.22870898
Sanders_M_Gaston1,393.4570728,46.79066449
Sandhills GL _ Forests_18_Fall,502.2142402,65.8619926
Sandhills GL_Forest_11_fall,694.4333239,58.68255185
SandhillsGL_Forest_10_Fall,724.8251337,24.29899858
SandhillsGL_Forest_13_Fall,580.7757803,31.14679965
SandhillsGL_Forest_14_Fall,267.7301658,53.13761484
SandhillsGL_Forest_16_Fall,202.5206127,75.14106477
SandhillsGL_Forest_17_Fall,589.2963931,53.79321408
SandhillsGL_Forest_20_Fall,504.7291828,47.79181323
SandhillsGL_Forest_22_Fall,601.6693223,29.16445441
SandhillsGL_Forest_24_Fall,181.4669756,34.68679022
SandhillsGL_Forest_25_Fall,580.5159233,39.70311734
SandhillsGL_Forest_27_Fall,600.5668285,36.13261472
SandhillsGL_Forest_28_Fall,572.0455401,34.81692713
SandhillsGL_Forest_9_Fall,393.2013241,91.23656752
SandyMushGL_Forest_29,323.6754034,85.38653564
SandyMushGL_Forest_40,650.7289469,0
SandyMushGL_Forest_8,159.4741984,76.46164552
SandyMushGL_Open_12,571.0521743,51.4311841
SandyMushGL_Open_2,457.9522416,47.53394863
SandyMushGL_Open_22,547.8157232,38.68204622
SandyMushGL_Open_4,37.49202239,44.61558575
SandyMushGL_Open_6,498.4718143,37.03211711
Saul_D_Alamance1,619.9649502,29.37840487
Saul_D_Alamance2,472.5057913,43.1823467
Saul_D_Alamance3,582.1562209,38.64178928
Saul_D_Alamance4,558.963679,46.7601541
Saul_D_Alamance5,673.3353994,38.39077728
Saul_D_Alamance6,347.9412953,28.06935743
Schenck_Forest_10,432.2957886,31.92344578
Schenck_Forest_4,634.8041039,44.61768494
Schenck_Forest_8,540.2719457,78.83000067
Schenck_Forest_9,637.5545072,84.25548557
Scott_S_Wake1,467.1557682,60.57427866
Scott_S_Wake2,481.3566013,47.03804693
Selzer_D_Haywood1,411.5703017,54.20736622
Selzer_D_Haywood2,630.9723642,26.0448079
Selzer_D_Jackson1,604.4304032,34.86562
Selzer_D_Jackson2,276.0420336,30.36429492
Selzer_D_Jackson3,463.8469107,42.60012564
Selzer_D_Jackson4,157.7026154,47.30167071
ShoccoGL _Open _9,616.1721391,43.31548167
ShoccoGL_Forest_19,476.9871593,27.00417345
ShoccoGL_Forest_24,463.6041884,33.11831705
Shoemaker_J_Henderson1,600.6956622,52.79593973
Sinfield_J_Guilford1,420.3098898,89.12968942
Sinfield_J_Guilford2,428.4265148,28.07858817
Smith_S_Brunswick1,705.0063553,52.69492866
SouthMtnGL_Trail_1,457.431083,49.67311631
SouthMtnSP_Open_12,747.2017949,0
SouthMtnSP_Open_3,574.7798494,25.50066701
SouthMtnSP_Open_4,469.2392522,63.03304811
SouthMtnSP_Trail_8,435.9614219,36.28149362
Spears_M_Wake1,374.4614511,70.93700699
Spring_J_Durham1,429.7813823,35.41544074
Stamey_T_Swain1,820.8524197,33.59027804
Stegner_M_Wake1,281.1758751,95.35247885
Steiner_T_Lee1,676.4215526,61.26528736
Stenross_B_Orange1,328.7392345,55.56303348
Stevens_G_Harnett1,262.9152408,54.20605193
Stevens_R_Henderson1,618.1624696,70.11197162
Steves_T_Harnett1,166.1160234,58.87250774
Steves_T_Harnett2,466.2147574,44.03841104
StonesCreekGL_Forest_38,554.7690491,48.84394986
Strickland_K_Franklin1,231.3865359,37.71390741
Strickland_K_Franklin2,836.6826385,8.130885601
Sullivan_J_Cabarrus1,323.4384612,50.29075292
Sullivan_J_Cabarrus2,660.3212347,40.51305663
Swift_D_Pitt1,297.7664889,44.44503664
Tayao_J_Wake1,379.4573678,55.09812784
Taylor_A_Pender_Fall_1,432.8094727,48.9258973
Taylor_A_Pender_Fall_2,322.7237966,100
Taylor_A_Pender_Fall_3,691.3182302,67.80340532
Taylor_A_Pender_Fall_4,258.4308345,41.04709844
Taylor_A_Pender1,465.5745784,56.37858872
Taylor_A_Pender2,832.1194762,29.79589788
Thao_S_Watauga1,641.7005678,67.0892993
Thao_S_Watauga2,495.254803,29.466929
ThurmondChathamGL_Forest_29,629.4435316,55.24073126
Trujillo_J_Duplin1,805.2788442,84.44339358
Trujillo_J_Duplin2,415.1454022,39.60848829
Tucker_K_Wake1,544.4614983,52.68393562
Tuttle_M_Forsyth1,572.7684993,45.72145872
Tuttle_M_Forsyth2,582.1910055,58.14740757
Tuttle_M_Forsyth3,688.6193397,71.67361839
Tuttle_M_Forsyth4,443.9213357,45.87062318
Tuttle_M_Forsyth5,374.9313467,68.30669977
Tyler_M_Davie1,410.5970445,53.43947159
Tyler_M_Davie2,523.7476539,61.35760041
Tyler_M_Davie3,451.5537336,49.31386303
Underwood_H_Guildford1,521.1177263,47.3813332
Underwood_H_Guilford2,830.149698,100
Underwood_H_Guilford4,384.8724658,42.24766346
Upshaw_A_Chatham1,234.0176938,22.03544826
Upshaw_A_Chatham2,46.95675154,35.53190453
Upshaw_A_Chatham3,633.9949883,19.16623424
Upshaw_A_Chatham4,424.3618717,22.99478795
Upshaw_A_Chatham5,715.2216632,25.37083303
Upshaw_A_Chatham6,919.3274635,24.49874571
Versteegen_D_Wake1,251.100933,67.29752848
Wall_K_Craven1,448.2672344,48.29242431
Wall_K_Craven2,491.5625555,61.53312281
Wall_K_Wake1,461.3106093,36.27208747
Walton_E_Onslow1,588.163218,36.23885369
Watson_M_Yancey1,316.2977095,63.0721755
Watson_M_Yancey2,350.8530438,95.56190427
Watson_M_Yancey3,293.2307985,43.60046419
Watson_M_Yancey4,485.434294,36.88579422
Watson_M_Yancey5,900.3457981,74.84032591
Watson_M_Yancey6,630.924341,28.23474383
Watson_M_Yancey7,677.9469016,55.08421527
Watson_M_Yancey8,268.1222594,17.69264281
Watson_M_Yancy9,431.9333105,65.58283737
Weingarten_G_Warren1,670.6717524,72.57923438
Weingarten_G_Warren2,408.5012056,38.09870784
Weingarten_G_Warren3,608.8540617,46.19594063
Weingarten_G_Warren4,590.5730689,17.92063827
Wenberg_C_Alleghany1,358.458091,36.49589551
Wetter_W_Elon1,721.7827626,54.01451077
Wetter_W_Elon2,453.576704,23.72242624
White _N_Haywood1,136.0810752,64.187527
White_B_Chatham1,365.7185344,81.78240329
White_B_Chatham2,512.1816656,64.60758434
White_C_Avery11,499.2423006,2.892143032
White_C_Avery12,125.7149185,78.22563066
White_C_Avery5,556.2895351,45.73295585
White_C_Avery6,206.7738732,45.29489099
White_C_Avery7,300.6410106,46.7178113
White_C_Avery9,403.6096453,16.3418104
White_D_Pender1,202.2613988,34.12708449
White_M_Jackson1,588.0818659,44.59749982
White_M_Jackson2,303.0600299,46.09394716
White_N_Haywood2,504.3532381,42.72521222
WhiteOakRiverImpoundmentGL_Forest_4,702.6482986,41.83539649
WhiteOakRiverImpoundmentGL_Open_26,890.3121889,42.50096975
Whitesides_G_Wilkes2,719.1324653,3.862954848
Whitesides_K_Madison1,442.9653856,62.71906408
Wiggins_K_Hertford1,274.0715682,29.79713939
WilliamBUmsteadSP_Forest_30,564.1161937,61.80719426
WilliamBUmsteadSP_Forest_48,703.9727354,16.94397455
Williams_R_Iredell1,450.2704272,72.05586457
Williams_R_Iredell2,597.2050443,26.36331114
Williams_S_Gates1,294.3023306,50.00702764
Williams_S_Gates2,853.8208098,26.74009156
Williams_S_Gates3,545.6160837,61.59247576
Williams_S_Gates4,270.2053748,43.84315538
Windley_S_Currituck1,342.0994097,62.46887942
Winn_B_Watauga1,684.0336363,43.51619192
Witherspoon_L_Wilkes1,456.2708817,41.39145234
Woloszyn_E_Hertford1,354.4294879,73.12400574
Woloszyn_E_Wake1,482.1942127,32.52894885
Woodard_A_Yancey1,913.9246921,45.10654645
Woods_G_Avery 1,578.7745485,68.0468085
Woods_G_Avery2,373.0758735,28.94338321
Wooten_E_Guilford1,620.9870756,32.74559289
WRC_Watha_FH_Open_1,429.2780705,84.0773391
WRC_Watha_FH_Open_2,224.157046,39.11027511
WRC_Watha_FH_Open_3,673.0064398,70.10740532
WRC_Watha_FH_Open_4,401.066547,0
WRCBigFlattyAA_Forest_1,477.6166482,61.49873589
Wright_E_Ashe1,599.3045739,9.701869606
Wright_E_Ashe2,420.711017,48.77554132
Wright_P_Watauga1,915.8355551,52.99418472
Wright_P_Watauga2,468.6183571,82.39292114
Wright_P_Watauga3,677.1142567,45.96518629
WrightBrothersNM_3,510.6249801,85.64733795
WrightBrothersNM_4,69.55774035,56.24833941
WrightBrothersNM_Forest_1,486.6741537,32.82731047
WrightBrothersNM_Forest_4,568.0976114,43.54707406
WrightBrothersNM_Open_1,811.2596288,10.09630673
WrightBrothersNM_Open_2,621.1557045,57.85462844
WrightBrothersNM_Open_3,581.8455501,28.94305908
WrightBrothersNM_Open_4_REAL,672.6804233,66.96838028
WrightBrothersNM_Open_5,574.4390243,25.14996905
WrightBrothersNM_Open_6,176.8410157,16.35084423
Yauch_C_Johnston1,539.5582094,84.5516746
Younginer_C_Watauga1,183.6236409,31.09989932
Zarecky_L_Guilford1,429.0291207,38.96492974
Zarecky_L_Stokes1,572.9929096,0
Zarecky_L_Stokes2,70.86825921,70.96366922
Zimmerman_T_Haywood_Fall_1,636.1410073,97.97884295
Zimmerman_T_Haywood_Fall_2,663.2107196,0
Zimmerman_T_Haywood_Fall_3,665.369146,62.30348764
Zimmerman_T_Haywood_Fall_4,389.622083,55.7935082
